0	0
0	0
0	0
0	0
0	0
0	0
0	0
0	0
0	0
0	0
0	0
0	0
0	0
0	0
0	0
0	0
0	0
0	0
0	0
0	0
0	0
0	0
0	0
0	0
0	0
0	0
0	0
0	0
0	0
0	0
0	0
0	0
0	0
0	0
0	0
0	0
0	0
0	0
0	0
0	0
0	0
0	0
0	0
0	0
0	0
0	0
0	0
0	0
0	0
0	0
0	0
0	0
0	0
0	0
0	0
0	0
0	0
0	0
0	0
0	0
0	0
0	0
0	0
0	0
0	0
0	0
0	0
0	0
0	0
0	0
0	0
0	0
0	0
0	0
0	0
0	0
0	0
0	0
0	0
0	0
0	0
0	0
0	0
0	0
0	0
0	0
0	0
0	0
0	0
0	0
0	0
0	0
0	0
0	0
0	0
0	0
0	0
0	0
0	0
0	0
0	0
0	0
0	0
0	0
0	0
0	0
0	0
0	0
0	0
0	0
0	0
0	0
0	0
0	0
0	0
0	0
0	0
0	0
0	0
0	0
0	0
0	0
0	0
0	0
0	0
0	0
0	0
0	0
0	0
0	0
0	0
0	0
0	0
0	0
0	0
0	0
0	0
0	0
0	0
0	0
0.15	0.5
0.15	0.5
0.15	0.5
0.15	0.5
0.15	0.5
0.15	0.5
0.15	0.5
0.15	0.5
0.15	0.5
0.15	0.5
0.15	0.5
0.15	0.5
0.15	0.5
0.15	0.5
0.15	0.5
0.15	0.5
0.15	0.5
0.15	0.5
0.15	0.5
0.15	0.5
0.15	0.5
0.15	0.5
0.15	0.5
0.15	0.5
0.15	0.5
0.15	0.5
0.15	0.5
0.15	0.5
0.15	0.5
0.15	0.5
0.15	0.5
0.15	0.5
0.15	0.5
0.15	0.5
0.15	0.5
0.15	0.5
0.15	0.5
0.15	0.5
0.15	0.5
0.15	0.5
0.15	0.5
0.15	0.5
0.15	0.5
0.15	0.5
0.15	0.5
0.15	0.5
0.15	0.5
0.15	0.5
0.15	0.5
0.15	0.5
0.15	0.5
0.15	0.5
0.15	0.5
0.15	0.5
0.15	0.5
0.15	0.5
0.15	0.5
0.15	0.5
0.15	0.5
0.15	0.5
0.15	0.5
0.15	0.5
0.15	0.5
0.15	0.5
0.15	0.5
0.15	0.5
0.15	0.5
0.15	0.5
0.15	0.5
0.15	0.5
0.15	0.5
0.15	0.5
0.15	0.5
0.15	0.5
0.15	0.5
0.15	0.5
0.15	0.5
0.15	0.5
0.15	0.5
0.15	0.5
0.15	0.5
0.15	0.5
0.15	0.5
0.15	0.5
0.15	0.5
0.15	0.5
0.15	0.5
0.15	0.5
0.15	0.5
0.15	0.5
0.15	0.5
0.15	0.5
0.15	0.5
0.15	0.5
0.15	0.5
0.15	0.5
0.15	0.5
0.15	0.5
0.15	0.5
0.15	0.5
0.15	0.5
0.15	0.5
0.15	0.5
0.15	0.5
0.15	0.5
0.15	0.5
0.15	0.5
0.15	0.5
0.15	0.5
0.15	0.5
0.15	0.5
0.15	0.5
0.15	0.5
0.15	0.5
0.15	0.5
0.15	0.5
0.15	0.5
0.15	0.5
0.15	0.5
0.15	0.5
0.15	0.5
0.15	0.5
0.15	0.5
0.15	0.5
0.15	0.5
0.15	0.5
0.15	0.5
0.15	0.5
0.15	0.5
0.15	0.5
0.15	0.5
0.15	0.5
0.15	0.5
0.15	0.5
0.15	0.5
0.15	0.5
0.15	0.5
0.15	0.5
0.15	0.5
0.15	0.5
0.15	0.5
0.15	0.5
0.15	0.5
0.15	0.5
0.15	0.5
0.15	0.5
0.15	0.5
0.15	0.5
0.15	0.5
0.15	0.5
0.15	0.5
0.15	0.5
0.15	0.5
0.15	0.5
0.15	0.5
0.15	0.5
0.15	0.5
0.15	0.5
0.15	0.5
0.15	0.5
0.15	0.5
0.15	0.5
0.15	0.5
0.15	0.5
0.15	0.5
0.15	0.5
0.15	0.5
0.15	0.5
0.15	0.5
0.15	0.5
0.15	0.5
0.15	0.5
0.15	0.5
0.15	0.5
0.15	0.5
0.15	0.5
0.15	0.5
0.15	0.5
0.15	0.5
0.15	0.5
0.15	0.5
0.15	0.5
0.15	0.5
0.15	0.5
0.15	0.5
0.15	0.5
0.15	0.5
0.15	0.5
0.15	0.5
0.15	0.5
0.15	0.5
0.15	0.5
0.15	0.5
0.15	0.5
0.15	0.5
0.15	0.5
0.15	0.5
0.15	0.5
0.15	0.5
0.15	0.5
0.15	0.5
0.15	0.5
0.15	0.5
0.15	0.5
0.15	0.5
0.15	0.5
0.15	0.5
0	0
0	0
0	0
0	0
0	0
0	0
0	0
0	0
0	0
0	0
0	0
0	0
0	0
0	0
0	0
0	0
0	0
0	0
0	0
0	0
0	0
0	0
0	0
0	0
0	0
0	0
0	0
0	0
0	0
0	0
0	0
0	0
0	0
0	0
0	0
0	0
0	0
0	0
0	0
0	0
0	0
0	0
0	0
0	0
0	0
0	0
0	0
0	0
0	0
0	0
0	0
0	0
0	0
0	0
0	0
0	0
0	0
0	0
0	0
0	0
0	0
0	0
0	0
0	0
0	0
0	0
0	0
0	0
0	0
0	0
0	0
0	0
0	0
0	0
0	0
0	0
0	0
0	0
0	0
0	0
0	0
0	0
0	0
0	0
0	0
0	0
0	0
0	0
0	0
0	0
0	0
0	0
0	0
0	0
0	0
0	0
0	0
0	0
0	0
0	0
0	0
0	0
0	0
0	0
0	0
0	0
0	0
0	0
0	0
0	0
0	0
0	0
0	0
0	0
0	0
0	0
0	0
0	0
0	0
0	0
0	0
0	0
0	0
0	0
0	0
0	0
0	0
0	0
0	0
0	0
0	0
0	0
0	0
0	0
0	0
0	0
0	0
0	0
0	0
0	0
0	0
0	0
0	0
0	0
0	0
0	0
0	0
0	0
0	0
0	0
0	0
0	0
0	0
0	0
0	0
0	0
0	0
0	0
0	0
0	0
0	0
0	0
0	0
0	0
0	0
0	0
0	0
0	0
0	0
0	0
0	0
0	0
0	0
0	0
0	0
0	0
0	0
0	0
0	0
0	0
0	0
0	0
0	0
0	0
0	0
0	0
0	0
0	0
0	0
0	0
0	0
0	0
0	0
0	0
0	0
0	0
0	0
0	0
0	0
0	0
0	0
0	0
0	0
0	0
0	0
0	0
0	0
0	0
0	0
0	0
0	0
0	0
0	0
0	0
0	0
0	0
0	0
0	0
0	0
0	0
0	0
0	0
0	0
0	0
0	0
0	0
0	0
0	0
0	0
0	0
0	0
0	0
0	0
0	0
0	0
0	0
0	0
0	0
0	0
0	0
0	0
0	0
0	0
0	0
0	0
0	0
0	0
0	0
0	0
0	0
0	0
0	0
0	0
0	0
0	0
0	0
0	0
0	0
0	0
0	0
0	0
0	0
0	0
0	0
0	0
0	0
0	0
0	0
0	0
0	0
0	0
0	0
0	0
0	0
0	0
0	0
0	0
0	0
0	0
0	0
0	0
0	0
0	0
0	0
0	0
0	0
0	0
0	0
0	0
0	0
0	0
0	0
0	0
0	0
0	0
0	0
0	0
0	0
0	0
0	0
0	0
0	0
0	0
0	0
0	0
0.15	0.5
0.15	0.5
0.15	0.5
0.15	0.5
0.15	0.5
0.15	0.5
0.15	0.5
0.15	0.5
0.15	0.5
0.15	0.5
0.15	0.5
0.15	0.5
0.15	0.5
0.15	0.5
0.15	0.5
0.15	0.5
0.15	0.5
0.15	0.5
0.15	0.5
0.15	0.5
0.15	0.5
0.15	0.5
0.15	0.5
0.15	0.5
0.15	0.5
0.15	0.5
0.15	0.5
0.15	0.5
0.15	0.5
0.15	0.5
0.15	0.5
0.15	0.5
0.15	0.5
0.15	0.5
0.15	0.5
0.15	0.5
0.15	0.5
0.15	0.5
0.15	0.5
0.15	0.5
0.15	0.5
0.15	0.5
0.15	0.5
0.15	0.5
0.15	0.5
0.15	0.5
0.15	0.5
0.15	0.5
0.15	0.5
0.15	0.5
0.15	0.5
0.15	0.5
0.15	0.5
0.15	0.5
0.15	0.5
0.15	0.5
0.15	0.5
0.15	0.5
0.15	0.5
0.15	0.5
0.15	0.5
0.15	0.5
0.15	0.5
0.15	0.5
0.15	0.5
0.15	0.5
0.15	0.5
0.15	0.5
0.15	0.5
0.15	0.5
0.15	0.5
0.15	0.5
0.15	0.5
0.15	0.5
0.15	0.5
0.15	0.5
0	0
0	0
0	0
0	0
0	0
0	0
0	0
0	0
0	0
0	0
0	0
0	0
0	0
0	0
0	0
0	0
0	0
0	0
0	0
0	0
0	0
0	0
0	0
0	0
0	0
0	0
0	0
0	0
0	0
0	0
0	0
0	0
0	0
0	0
0	0
0	0
0	0
0	0
0	0
0	0
0	0
0	0
0	0
0	0
0	0
0	0
0	0
0	0
0	0
0	0
0	0
0	0
0	0
0	0
0	0
0	0
0	0
0	0
0	0
0	0
0	0
0	0
0	0
0	0
0	0
0	0
0	0
0	0
0	0
0	0
0	0
0	0
0	0
0	0
0	0
0	0
0	0
0	0
0	0
0	0
0	0
0	0
0	0
0	0
0	0
0	0
0	0
0	0
0	0
0	0
0	0
0	0
0	0
0	0
0	0
0	0
0	0
0	0
0	0
0	0
0	0
0	0
0	0
0	0
0	0
0	0
0	0
0	0
0	0
0	0
0	0
0	0
0	0
0	0
0	0
0	0
0	0
0	0
0	0
0	0
0	0
0	0
0	0
0	0
0	0
0	0
0	0
0	0
0	0
0	0
0	0
0	0
0	0
0	0
0	0
0	0
0	0
0	0
0	0
0	0
0	0
0	0
0	0
0	0
0	0
0	0
0	0
0	0
0	0
0	0
0	0
0	0
0	0
0	0
0	0
0	0
0	0
0	0
0	0
0	0
0	0
0	0
0	0
0	0
0	0
0	0
0	0
0	0
0.15	0.5
0.15	0.5
0.15	0.5
0.15	0.5
0.15	0.5
0.15	0.5
0.15	0.5
0.15	0.5
0.15	0.5
0.15	0.5
0.15	0.5
0.15	0.5
0.15	0.5
0.15	0.5
0.15	0.5
0.15	0.5
0	0
0	0
0	0
0	0
0	0
0	0
0	0
0	0
0	0
0	0
0	0
0	0
0	0
0	0
0.15	0.5
0.15	0.5
0.15	0.5
0.15	0.5
0.15	0.5
0.15	0.5
0.15	0.5
0.15	0.5
0.15	0.5
0.15	0.5
0.15	0.5
0.15	0.5
0.15	0.5
0.15	0.5
0.15	0.5
0.15	0.5
0.15	0.5
0.15	0.5
0.15	0.5
0.15	0.5
0.15	0.5
0.15	0.5
0	0
0	0
0.15	0.5
0.15	0.5
0.15	0.5
0.15	0.5
0.15	0.5
0.15	0.5
0.15	0.5
0.15	0.5
0.15	0.5
0.15	0.5
0.15	0.5
0.15	0.5
0.15	0.5
0.15	0.5
0.15	0.5
0.15	0.5
0.15	0.5
0.15	0.5
0.15	0.5
0.15	0.5
0.15	0.5
0.15	0.5
0.15	0.5
0.15	0.5
0.15	0.5
0.15	0.5
0.15	0.5
0.15	0.5
0.15	0.5
0.15	0.5
0.15	0.5
0.15	0.5
0.15	0.5
0.15	0.5
0.15	0.5
0.15	0.5
0.15	0.5
0.15	0.5
0.15	0.5
0.15	0.5
0.15	0.5
0.15	0.5
0.15	0.5
0	0
0	0
0	0
0	0
0	0
0	0
0	0
0	0
0	0
0	0
0	0
0.15	0.5
0.15	0.5
0.15	0.5
0.15	0.5
0.15	0.5
0.15	0.5
0.15	0.5
0.15	0.5
0.15	0.5
0.15	0.5
0.15	0.5
0.15	0.5
0.15	0.5
0.15	0.5
0.15	0.5
0.15	0.5
0.15	0.5
0.15	0.5
0.15	0.5
0.15	0.5
0.15	0.5
0.15	0.5
0.15	0.5
0.15	0.5
0.15	0.5
0.15	0.5
0.15	0.5
0.15	0.5
0.15	0.5
0.15	0.5
0.15	0.5
0.15	0.5
0.15	0.5
0.15	0.5
0.15	0.5
0.15	0.5
0.15	0.5
0.15	0.5
0	0
0.15	0.5
0.15	0.5
0.15	0.5
0.15	0.5
0.15	0.5
0.15	0.5
0.15	0.5
0.15	0.5
0.15	0.5
0.15	0.5
0.15	0.5
0.15	0.5
0.15	0.5
0.15	0.5
0.15	0.5
0.15	0.5
0.15	0.5
0.15	0.5
0.15	0.5
0.15	0.5
0.15	0.5
0.15	0.5
0.15	0.5
0.15	0.5
0.15	0.5
0.15	0.5
0.15	0.5
0.15	0.5
0.15	0.5
0.15	0.5
0.15	0.5
0.15	0.5
0.15	0.5
0.15	0.5
0.15	0.5
0.15	0.5
0.15	0.5
0.15	0.5
0.15	0.5
0.15	0.5
0.15	0.5
0.15	0.5
0.15	0.5
0.15	0.5
0.15	0.5
0.15	0.5
0.15	0.5
0.15	0.5
0.15	0.5
0.15	0.5
0.15	0.5
0.15	0.5
0.15	0.5
0	0
0	0
0	0
0	0
0	0
0	0
0	0
0	0
0.15	0.5
0.15	0.5
0.15	0.5
0.15	0.5
0.15	0.5
0.15	0.5
0.15	0.5
0.15	0.5
0.15	0.5
0.15	0.5
0.15	0.5
0.15	0.5
0.15	0.5
0.15	0.5
0.15	0.5
0.15	0.5
0.15	0.5
0.15	0.5
0.15	0.5
0.15	0.5
0.15	0.5
0.15	0.5
0.15	0.5
0.15	0.5
0.15	0.5
0.15	0.5
0.15	0.5
0.15	0.5
0.15	0.5
0.15	0.5
0.15	0.5
0.15	0.5
0.15	0.5
0.15	0.5
0.15	0.5
0.15	0.5
0.15	0.5
0.15	0.5
0.15	0.5
0.15	0.5
0.15	0.5
0.15	0.5
0.15	0.5
0.15	0.5
0.15	0.5
0.15	0.5
0.15	0.5
0.15	0.5
0.15	0.5
0.15	0.5
0.15	0.5
0	0
0	0
0	0
0	0
0	0
0	0
0	0
0	0
0	0
0	0
0	0
0.15	0.5
0.15	0.5
0.15	0.5
0.15	0.5
0.15	0.5
0.15	0.5
0.15	0.5
0.15	0.5
0.15	0.5
0.15	0.5
0.15	0.5
0.15	0.5
0.15	0.5
0.15	0.5
0.15	0.5
0.15	0.5
0.15	0.5
0.15	0.5
0.15	0.5
0.15	0.5
0.15	0.5
0.15	0.5
0.15	0.5
0.15	0.5
0.15	0.5
0.15	0.5
0.15	0.5
0.15	0.5
0.15	0.5
0.15	0.5
0.15	0.5
0.15	0.5
0.15	0.5
0.15	0.5
0.15	0.5
0.15	0.5
0.15	0.5
0.15	0.5
0.15	0.5
0.15	0.5
0.15	0.5
0.15	0.5
0.15	0.5
0.15	0.5
0.15	0.5
0.15	0.5
0.15	0.5
0.15	0.5
0.15	0.5
0.15	0.5
0.15	0.5
0.15	0.5
0.15	0.5
0.15	0.5
0.15	0.5
0.15	0.5
0.15	0.5
0.15	0.5
0.15	0.5
0.15	0.5
0.15	0.5
0.15	0.5
0.15	0.5
0.15	0.5
0.15	0.5
0.15	0.5
0.15	0.5
0.15	0.5
0.15	0.5
0.15	0.5
0.15	0.5
0.15	0.5
0.15	0.5
0.15	0.5
0.15	0.5
0.15	0.5
0.15	0.5
0.15	0.5
0.15	0.5
0.15	0.5
0.15	0.5
0.15	0.5
0.15	0.5
0.15	0.5
0.15	0.5
0.15	0.5
0.15	0.5
0.15	0.5
0.15	0.5
0.15	0.5
0.15	0.5
0.15	0.5
0.15	0.5
0.15	0.5
0.15	0.5
0.15	0.5
0.15	0.5
0	0
0.15	0.5
0.15	0.5
0.15	0.5
0.15	0.5
0.15	0.5
0.15	0.5
0.15	0.5
0.15	0.5
0.15	0.5
0.15	0.5
0.15	0.5
0.15	0.5
0.15	0.5
0.15	0.5
0.15	0.5
0.15	0.5
0.15	0.5
0.15	0.5
0.15	0.5
0.15	0.5
0.15	0.5
0.15	0.5
0.15	0.5
0.15	0.5
0.15	0.5
0.15	0.5
0.15	0.5
0.15	0.5
0.15	0.5
0.15	0.5
0.15	0.5
0.15	0.5
0.15	0.5
0.15	0.5
0.15	0.5
0.15	0.5
0.15	0.5
0.15	0.5
0.15	0.5
0.15	0.5
0.15	0.5
0.15	0.5
0.15	0.5
0.15	0.5
0.15	0.5
0.15	0.5
0.15	0.5
0.15	0.5
0.15	0.5
0.15	0.5
0.15	0.5
0.15	0.5
0.15	0.5
0.15	0.5
0.15	0.5
0.15	0.5
0.15	0.5
0.15	0.5
0.15	0.5
0.15	0.5
0.15	0.5
0.15	0.5
0.15	0.5
0.15	0.5
0.15	0.5
0.15	0.5
0.15	0.5
0.15	0.5
0.15	0.5
0.15	0.5
0.15	0.5
0.15	0.5
0.15	0.5
0.15	0.5
0.15	0.5
0.15	0.5
0.15	0.5
0.15	0.5
0.15	0.5
0.15	0.5
0.15	0.5
0.15	0.5
0.15	0.5
0.15	0.5
0.15	0.5
0.15	0.5
0.15	0.5
0.15	0.5
0.15	0.5
0.15	0.5
0.15	0.5
0.15	0.5
0.15	0.5
0.15	0.5
0.15	0.5
0.15	0.5
0.15	0.5
0.15	0.5
0.15	0.5
0.15	0.5
0.15	0.5
0.15	0.5
0.15	0.5
0.15	0.5
0.15	0.5
0.15	0.5
0.15	0.5
0.15	0.5
0.15	0.5
0.15	0.5
0.15	0.5
0.15	0.5
0.15	0.5
0.15	0.5
0.15	0.5
0.15	0.5
0.15	0.5
0.15	0.5
0.15	0.5
0.15	0.5
0.15	0.5
0.15	0.5
0.15	0.5
0.15	0.5
0.15	0.5
0.15	0.5
0.15	0.5
0.15	0.5
0.15	0.5
0.15	0.5
0.15	0.5
0.15	0.5
0.15	0.5
0.15	0.5
0.15	0.5
0.15	0.5
0.15	0.5
0	0
0	0
0	0
0	0
0	0
0	0
0	0
0	0
0	0
0	0
0.15	0.5
0.15	0.5
0.15	0.5
0.15	0.5
0.15	0.5
0.15	0.5
0.15	0.5
0.15	0.5
0.15	0.5
0.15	0.5
0.15	0.5
0.15	0.5
0.15	0.5
0.15	0.5
0.15	0.5
0.15	0.5
0.15	0.5
0.15	0.5
0.15	0.5
0.15	0.5
0.15	0.5
0.15	0.5
0.15	0.5
0.15	0.5
0.15	0.5
0.15	0.5
0.15	0.5
0.15	0.5
0.15	0.5
0.15	0.5
0.15	0.5
0.15	0.5
0.15	0.5
0.15	0.5
0.15	0.5
0.15	0.5
0.15	0.5
0.15	0.5
0.15	0.5
0.15	0.5
0.15	0.5
0.15	0.5
0.15	0.5
0.15	0.5
0.15	0.5
0.15	0.5
0.15	0.5
0.15	0.5
0.15	0.5
0.15	0.5
0.15	0.5
0.15	0.5
0.15	0.5
0.15	0.5
0.15	0.5
0.15	0.5
0.15	0.5
0.15	0.5
0.15	0.5
0.15	0.5
0.15	0.5
0.15	0.5
0.15	0.5
0.15	0.5
0.15	0.5
0.15	0.5
0.15	0.5
0.15	0.5
0.15	0.5
0.15	0.5
0.15	0.5
0.15	0.5
0.15	0.5
0.15	0.5
0.15	0.5
0.15	0.5
0.15	0.5
0.15	0.5
0.15	0.5
0.15	0.5
0.15	0.5
0.15	0.5
0.15	0.5
0.15	0.5
0.15	0.5
0.15	0.5
0.15	0.5
0.15	0.5
0.15	0.5
0.15	0.5
0.15	0.5
0	0
0	0
0	0
0	0
0	0
0	0
0	0
0	0
0	0
0	0
0	0
0	0
0	0
0	0
0	0
0	0
0	0
0	0
0	0
0	0
0	0
0	0
0.35	0.25
0.35	0.25
0.35	0.25
0.35	0.25
0.35	0.25
0.35	0.25
0.35	0.25
0.35	0.25
0.35	0.25
0.35	0.25
0.35	0.25
0.35	0.25
0.35	0.25
0.35	0.25
0.35	0.25
0.35	0.25
0.35	0.25
0.35	0.25
0.35	0.25
0.35	0.25
0.35	0.25
0.35	0.25
0.35	0.25
0.35	0.25
0.35	0.25
0.35	0.25
0.35	0.25
0.35	0.25
0.35	0.25
0.35	0.25
0.35	0.25
0.35	0.25
0.35	0.25
0.35	0.25
0.35	0.25
0.35	0.25
0.35	0.25
0.35	0.25
0.35	0.25
0.35	0.25
0.35	0.25
0.35	0.25
0.35	0.25
0.35	0.25
0.35	0.25
0.35	0.25
0.35	0.25
0.35	0.25
0.35	0.25
0.35	0.25
0.35	0.25
0.35	0.25
0.35	0.25
0.35	0.25
0.35	0.25
0.35	0.25
0.35	0.25
0.35	0.25
0.35	0.25
0.35	0.25
0.35	0.25
0.35	0.25
0.35	0.25
0.35	0.25
0.35	0.25
0.35	0.25
0.35	0.25
0.35	0.25
0.35	0.25
0.35	0.25
0.35	0.25
0.35	0.25
0.35	0.25
0.35	0.25
0.35	0.25
0.35	0.25
0.35	0.25
0.35	0.25
0.35	0.25
0.35	0.25
0.35	0.25
0.35	0.25
0.35	0.25
0.35	0.25
0.35	0.25
0.35	0.25
0.35	0.25
0.35	0.25
0.35	0.25
0.35	0.25
0.35	0.25
0.35	0.25
0.35	0.25
0.35	0.25
0.35	0.25
0.35	0.25
0.35	0.25
0.35	0.25
0.35	0.25
0.35	0.25
0.35	0.25
0.35	0.25
0.35	0.25
0.35	0.25
0.35	0.25
0.35	0.25
0.35	0.25
0.35	0.25
0.35	0.25
0.35	0.25
0.35	0.25
0.35	0.25
0.35	0.25
0.35	0.25
0.35	0.25
0.35	0.25
0.35	0.25
0.35	0.25
0.35	0.25
0.35	0.25
0.35	0.25
0.35	0.25
0.35	0.25
0.35	0.25
0.35	0.25
0.35	0.25
0.35	0.25
0.35	0.25
0.35	0.25
0.35	0.25
0.35	0.25
0.35	0.25
0.35	0.25
0.35	0.25
0.35	0.25
0.35	0.25
0.35	0.25
0.35	0.25
0.35	0.25
0.35	0.25
0.35	0.25
0.35	0.25
0.35	0.25
0.35	0.25
0.35	0.25
0.35	0.25
0.35	0.25
0.35	0.25
0.35	0.25
0.35	0.25
0.35	0.25
0.35	0.25
0.35	0.25
0.35	0.25
0.35	0.25
0.35	0.25
0.35	0.25
0.35	0.25
0.35	0.25
0.35	0.25
0.35	0.25
0.35	0.25
0.35	0.25
0.35	0.25
0.35	0.25
0.35	0.25
0.35	0.25
0.35	0.25
0.35	0.25
0.35	0.25
0.35	0.25
0.35	0.25
0.35	0.25
0.35	0.25
0.35	0.25
0.35	0.25
0.35	0.25
0.35	0.25
0.35	0.25
0.35	0.25
0.35	0.25
0.35	0.25
0.35	0.25
0.35	0.25
0.35	0.25
0.35	0.25
0.35	0.25
0.35	0.25
0.35	0.25
0.35	0.25
0.35	0.25
0.35	0.25
0.35	0.25
0.35	0.25
0.35	0.25
0.35	0.25
0.35	0.25
0.35	0.25
0.35	0.25
0.35	0.25
0.35	0.25
0.35	0.25
0.35	0.25
0.35	0.25
0.35	0.25
0.35	0.25
0.35	0.25
0.35	0.25
0.35	0.25
0.35	0.25
0.35	0.25
0.35	0.25
0.35	0.25
0.35	0.25
0.35	0.25
0.35	0.25
0.35	0.25
0.35	0.25
0.35	0.25
0.35	0.25
0.35	0.25
0.35	0.25
0.35	0.25
0.35	0.25
0.35	0.25
0.35	0.25
0.35	0.25
0.35	0.25
0.35	0.25
0.35	0.25
0.35	0.25
0.35	0.25
0.35	0.25
0.35	0.25
0.35	0.25
0.35	0.25
0	0
0	0
0	0
0	0
0	0
0	0
0	0
0	0
0.35	0.25
0.35	0.25
0.35	0.25
0.35	0.25
0.35	0.25
0.35	0.25
0.35	0.25
0.35	0.25
0.35	0.25
0.35	0.25
0.35	0.25
0.35	0.25
0.35	0.25
0.35	0.25
0.35	0.25
0.35	0.25
0.35	0.25
0.35	0.25
0.35	0.25
0.35	0.25
0.35	0.25
0.35	0.25
0.35	0.25
0.35	0.25
0.35	0.25
0.35	0.25
0.35	0.25
0.35	0.25
0.35	0.25
0.35	0.25
0.35	0.25
0.35	0.25
0.35	0.25
0.35	0.25
0.35	0.25
0.35	0.25
0.35	0.25
0.35	0.25
0.35	0.25
0.35	0.25
0.35	0.25
0.35	0.25
0.35	0.25
0.35	0.25
0.35	0.25
0.35	0.25
0.35	0.25
0.35	0.25
0.35	0.25
0.35	0.25
0.35	0.25
0.35	0.25
0.35	0.25
0.35	0.25
0.35	0.25
0.35	0.25
0.35	0.25
0.35	0.25
0.35	0.25
0.35	0.25
0.35	0.25
0.35	0.25
0.35	0.25
0.35	0.25
0.35	0.25
0.35	0.25
0.35	0.25
0.35	0.25
0.35	0.25
0.35	0.25
0.35	0.25
0.35	0.25
0.35	0.25
0.35	0.25
0.35	0.25
0.35	0.25
0.35	0.25
0.35	0.25
0.35	0.25
0.35	0.25
0.35	0.25
0.35	0.25
0.35	0.25
0.35	0.25
0.35	0.25
0.35	0.25
0.35	0.25
0.35	0.25
0.35	0.25
0.35	0.25
0.35	0.25
0.35	0.25
0.35	0.25
0.35	0.25
0.35	0.25
0.35	0.25
0.35	0.25
0.35	0.25
0.35	0.25
0.35	0.25
0.35	0.25
0.35	0.25
0.35	0.25
0.35	0.25
0.35	0.25
0.35	0.25
0.35	0.25
0.35	0.25
0.35	0.25
0.35	0.25
0.35	0.25
0.35	0.25
0.35	0.25
0.35	0.25
0.35	0.25
0.35	0.25
0.35	0.25
0.35	0.25
0.35	0.25
0.35	0.25
0.35	0.25
0.35	0.25
0.35	0.25
0.35	0.25
0.35	0.25
0.35	0.25
0.35	0.25
0.35	0.25
0.35	0.25
0.35	0.25
0.35	0.25
0.35	0.25
0.35	0.25
0.35	0.25
0.35	0.25
0.35	0.25
0.35	0.25
0.35	0.25
0.35	0.25
0.35	0.25
0.35	0.25
0.35	0.25
0.35	0.25
0.35	0.25
0.35	0.25
0.35	0.25
0.35	0.25
0.35	0.25
0.35	0.25
0.35	0.25
0.35	0.25
0.35	0.25
0.35	0.25
0.35	0.25
0.35	0.25
0.35	0.25
0.35	0.25
0.35	0.25
0.35	0.25
0.35	0.25
0.35	0.25
0.35	0.25
0.35	0.25
0.35	0.25
0.35	0.25
0.35	0.25
0	0
0	0
0	0
0	0
0	0
0	0
0	0
0	0
0	0
0	0
0	0
0	0
0	0
0	0
0	0
0	0
0	0
0	0
0	0
0	0
0	0
0	0
0	0
0	0
0	0
0	0
0	0
0	0
0.35	0.25
0.35	0.25
0.35	0.25
0.35	0.25
0.35	0.25
0.35	0.25
0.35	0.25
0.35	0.25
0.35	0.25
0.35	0.25
0.35	0.25
0.35	0.25
0.35	0.25
0.35	0.25
0.35	0.25
0.35	0.25
0.35	0.25
0.35	0.25
0.35	0.25
0.35	0.25
0.35	0.25
0.35	0.25
0.35	0.25
0.35	0.25
0.35	0.25
0.35	0.25
0.35	0.25
0.35	0.25
0.35	0.25
0.35	0.25
0.35	0.25
0.35	0.25
0.35	0.25
0.35	0.25
0.35	0.25
0.35	0.25
0.35	0.25
0.35	0.25
0.35	0.25
0.35	0.25
0.35	0.25
0.35	0.25
0.35	0.25
0.35	0.25
0.35	0.25
0.35	0.25
0.35	0.25
0.35	0.25
0.35	0.25
0.35	0.25
0.35	0.25
0.35	0.25
0.35	0.25
0.35	0.25
0.35	0.25
0.35	0.25
0.35	0.25
0.35	0.25
0.35	0.25
0.35	0.25
0.35	0.25
0.35	0.25
0.35	0.25
0.35	0.25
0.35	0.25
0.35	0.25
0.35	0.25
0.35	0.25
0.35	0.25
0.35	0.25
0.35	0.25
0.35	0.25
0.35	0.25
0.35	0.25
0.35	0.25
0.35	0.25
0.35	0.25
0.35	0.25
0.35	0.25
0.35	0.25
0.35	0.25
0.35	0.25
0.35	0.25
0.35	0.25
0.35	0.25
0.35	0.25
0.35	0.25
0.35	0.25
0.35	0.25
0.35	0.25
0.35	0.25
0.35	0.25
0.35	0.25
0.35	0.25
0.35	0.25
0.35	0.25
0.35	0.25
0.35	0.25
0.35	0.25
0.35	0.25
0.35	0.25
0.35	0.25
0.35	0.25
0.35	0.25
0.35	0.25
0.35	0.25
0.35	0.25
0.35	0.25
0.35	0.25
0.35	0.25
0.35	0.25
0.35	0.25
0.35	0.25
0.35	0.25
0.35	0.25
0.35	0.25
0.35	0.25
0.35	0.25
0.35	0.25
0.35	0.25
0.35	0.25
0.35	0.25
0.35	0.25
0.35	0.25
0.35	0.25
0.35	0.25
0.35	0.25
0.35	0.25
0.35	0.25
0.35	0.25
0.35	0.25
0.35	0.25
0.35	0.25
0.35	0.25
0.35	0.25
0.35	0.25
0.35	0.25
0.35	0.25
0.35	0.25
0.35	0.25
0.35	0.25
0.35	0.25
0.35	0.25
0.35	0.25
0.35	0.25
0.35	0.25
0.35	0.25
0.35	0.25
0.35	0.25
0.35	0.25
0.35	0.25
0.35	0.25
0.35	0.25
0.35	0.25
0.35	0.25
0.35	0.25
0.35	0.25
0.35	0.25
0.35	0.25
0.35	0.25
0.35	0.25
0.35	0.25
0.35	0.25
0.35	0.25
0.35	0.25
0.35	0.25
0.35	0.25
0.35	0.25
0.35	0.25
0.35	0.25
0.35	0.25
0.35	0.25
0.35	0.25
0.35	0.25
0.35	0.25
0.35	0.25
0.35	0.25
0.35	0.25
0.35	0.25
0.35	0.25
0.35	0.25
0.35	0.25
0.35	0.25
0.35	0.25
0.35	0.25
0.35	0.25
0.35	0.25
0.35	0.25
0.35	0.25
0.35	0.25
0.35	0.25
0.35	0.25
0.35	0.25
0.35	0.25
0.35	0.25
0.35	0.25
0.35	0.25
0.35	0.25
0.35	0.25
0.35	0.25
0.35	0.25
0.35	0.25
0.35	0.25
0.35	0.25
0.35	0.25
0.35	0.25
0.35	0.25
0.35	0.25
0.35	0.25
0.35	0.25
0.35	0.25
0.35	0.25
0.35	0.25
0.35	0.25
0.35	0.25
0.35	0.25
0.35	0.25
0.35	0.25
0.35	0.25
0.35	0.25
0.35	0.25
0.35	0.25
0.35	0.25
0.35	0.25
0.35	0.25
0.35	0.25
0.35	0.25
0.35	0.25
0.35	0.25
0.35	0.25
0.35	0.25
0.35	0.25
0.35	0.25
0.35	0.25
0.35	0.25
0.35	0.25
0.35	0.25
0.35	0.25
0.35	0.25
0.35	0.25
0.35	0.25
0.35	0.25
0.35	0.25
0.35	0.25
0.35	0.25
0.35	0.25
0.35	0.25
0.35	0.25
0.35	0.25
0.35	0.25
0.35	0.25
0.35	0.25
0.35	0.25
0.35	0.25
0.35	0.25
0.35	0.25
0.35	0.25
0.35	0.25
0.35	0.25
0.35	0.25
0.35	0.25
0.35	0.25
0.35	0.25
0.35	0.25
0.35	0.25
0.35	0.25
0.35	0.25
0.35	0.25
0.35	0.25
0.35	0.25
0.35	0.25
0.35	0.25
0.35	0.25
0.35	0.25
0.35	0.25
0.35	0.25
0.35	0.25
0.35	0.25
0.35	0.25
0.35	0.25
0.35	0.25
0.35	0.25
0.35	0.25
0.35	0.25
0.35	0.25
0.35	0.25
0.35	0.25
0.35	0.25
0.35	0.25
0.35	0.25
0.35	0.25
0.35	0.25
0.35	0.25
0.35	0.25
0.35	0.25
0.35	0.25
0.35	0.25
0.35	0.25
0.35	0.25
0.35	0.25
0.35	0.25
0.35	0.25
0.35	0.25
0.35	0.25
0.35	0.25
0.35	0.25
0.35	0.25
0.35	0.25
0.35	0.25
0.35	0.25
0.35	0.25
0.35	0.25
0.35	0.25
0.35	0.25
0.35	0.25
0.35	0.25
0.35	0.25
0.35	0.25
0.35	0.25
0.35	0.25
0.35	0.25
0.35	0.25
0.35	0.25
0.35	0.25
0.35	0.25
0.35	0.25
0.35	0.25
0.35	0.25
0.35	0.25
0.35	0.25
0.35	0.25
0.35	0.25
0.35	0.25
0.35	0.25
0.35	0.25
0.35	0.25
0.35	0.25
0.35	0.25
0.35	0.25
0.35	0.25
0.35	0.25
0.35	0.25
0.35	0.25
0.35	0.25
0.35	0.25
0.35	0.25
0.35	0.25
0.35	0.25
0.35	0.25
0.35	0.25
0.35	0.25
0.35	0.25
0.35	0.25
0.35	0.25
0.35	0.25
0.35	0.25
0.35	0.25
0.35	0.25
0.35	0.25
0.35	0.25
0.35	0.25
0.35	0.25
0.35	0.25
0.35	0.25
0.35	0.25
0.35	0.25
0.35	0.25
0.35	0.25
0.35	0.25
0.35	0.25
0.35	0.25
0.35	0.25
0.35	0.25
0.35	0.25
0.35	0.25
0.35	0.25
0.35	0.25
0.35	0.25
0.35	0.25
0.35	0.25
0.35	0.25
0.35	0.25
0.35	0.25
0.35	0.25
0.35	0.25
0.35	0.25
0.35	0.25
0.35	0.25
0.35	0.25
0.35	0.25
0.35	0.25
0.35	0.25
0.35	0.25
0.35	0.25
0.35	0.25
0.35	0.25
0.35	0.25
0.35	0.25
0.35	0.25
0.35	0.25
0.35	0.25
0.35	0.25
0.35	0.25
0.35	0.25
0.35	0.25
0.35	0.25
0.35	0.25
0.35	0.25
0.35	0.25
0.35	0.25
0.35	0.25
0.35	0.25
0.35	0.25
0.35	0.25
0.35	0.25
0.35	0.25
0.35	0.25
0.35	0.25
0.35	0.25
0.35	0.25
0.35	0.25
0.35	0.25
0.35	0.25
0.35	0.25
0.35	0.25
0.35	0.25
0.35	0.25
0.35	0.25
0.35	0.25
0.35	0.25
0.35	0.25
0.35	0.25
0.35	0.25
0.35	0.25
0.35	0.25
0.35	0.25
0.35	0.25
0.35	0.25
0.449971	0.188026
0.447152	0.189024
0.445694	0.18816
0.445694	0.18816
0.444315	0.185684
0.441456	0.177853
0.441456	0.177853
0.438553	0.169907
0.436967	0.16605
0.436967	0.16605
0.43547	0.162252
0.432364	0.154966
0.432364	0.154966
0.430792	0.151388
0.430792	0.151388
0.422581	0.134277
0.422581	0.134277
0.420918	0.130599
0.417459	0.123809
0.417459	0.123809
0.41573	0.120815
0.413915	0.117926
0.412158	0.115149
0.412158	0.115149
0.406687	0.107187
0.406687	0.107187
0.401095	0.0995637
0.401095	0.0995637
0.395258	0.0924408
0.395258	0.0924408
0.391308	0.0879564
0.391308	0.0879564
0.387474	0.0838056
0.383305	0.0797617
0.383305	0.0797617
0.379188	0.0760151
0.37718	0.0741961
0.37718	0.0741961
0.375091	0.0724178
0.373031	0.0706912
0.373031	0.0706912
0.368822	0.0675309
0.364417	0.0645712
0.364417	0.0645712
0.362275	0.0631583
0.360069	0.0617519
0.357864	0.0603798
0.357864	0.0603798
0.355758	0.0590329
0.355758	0.0590329
0.346784	0.0535744
0.344486	0.0522161
0.344486	0.0522161
0.342221	0.0509077
0.342221	0.0509077
0.332979	0.0462134
0.332979	0.0462134
0.323502	0.0418287
0.323502	0.0418287
0.323502	0.0418287
0.311417	0.0369166
0.311417	0.0369166
0.301495	0.0332326
0.301495	0.0332326
0.298993	0.0323175
0.296484	0.0314423
0.296484	0.0314423
0.291426	0.0298624
0.28888	0.0290981
0.286334	0.0283641
0.286334	0.0283641
0.283741	0.027712
0.281181	0.0270731
0.278572	0.0264532
0.278572	0.0264532
0.275992	0.0258454
0.273368	0.0252513
0.273368	0.0252513
0.262884	0.0229801
0.262884	0.0229801
0.260217	0.0224212
0.257562	0.0218915
0.257562	0.0218915
0.252228	0.0209066
0.249538	0.0204299
0.249538	0.0204299
0.241441	0.0190651
0.238734	0.0186188
0.238734	0.0186188
0.230535	0.0174285
0.230535	0.0174285
0.225061	0.0166938
0.219569	0.0160056
0.219569	0.0160056
0.216766	0.0156788
0.213985	0.0153546
0.213985	0.0153546
0.208445	0.014729
0.205631	0.0144058
0.202846	0.0140853
0.202846	0.0140853
0.200066	0.01377
0.197248	0.0134736
0.197248	0.0134736
0.185942	0.0123216
0.185942	0.0123216
0.183073	0.0120359
0.177433	0.0115041
0.177433	0.0115041
0.168871	0.0107634
0.168871	0.0107634
0.165991	0.0105232
0.165991	0.0105232
0.165991	0.0105232
0.148757	0.00916223
0.145884	0.00891715
0.145884	0.00891715
0.140065	0.00850045
0.140065	0.00850045
0.128418	0.00774756
0.125522	0.00756365
0.125522	0.00756365
0.122725	0.00736853
0.119812	0.00721432
0.116898	0.00707311
0.116898	0.00707311
0.116898	0.00707311
0.105286	0.00649851
0.105286	0.00649851
0.0965262	0.00610681
0.0907063	0.00586023
0.0907063	0.00586023
0.082003	0.00551019
0.082003	0.00551019
0.0732814	0.00519045
0.0732814	0.00519045
0.0646013	0.00490923
0.0646013	0.00490923
0.0617074	0.00482229
0.0559247	0.00465117
0.0559247	0.00465117
0.0530524	0.004564
0.0501702	0.00448464
0.0472822	0.00441104
0.0472822	0.00441104
0.0444286	0.00433577
0.038694	0.00417515
0.038694	0.00417515
0.0329734	0.00401969
0.030123	0.00394673
0.030123	0.00394673
0.024438	0.00380117
0.0216014	0.00373054
0.0216014	0.00373054
0.0166323	0.00324062
0.0154404	0.00226679
0.0154404	0.00226679
0.0143562	0.00112665
0.0134881	-0.000329879
0.0134881	-0.000329879
0.0134881	-0.000329879
0.0134881	-0.000329879
0.0134881	-0.000329879
0.0134881	-0.000329879
0.0134881	-0.000329879
0.0134881	-0.000329879
0.0134881	-0.000329879
0.0134881	-0.000329879
0.0134881	-0.000329879
0.0134881	-0.000329879
0.0134881	-0.000329879
0.0134881	-0.000329879
0.0134881	-0.000329879
0.0134881	-0.000329879
0.0134881	-0.000329879
0.0134881	-0.000329879
0.0134881	-0.000329879
0.0134881	-0.000329879
0.0134881	-0.000329879
0.0134881	-0.000329879
0.0134881	-0.000329879
0.0134881	-0.000329879
0.0134881	-0.000329879
0.0134881	-0.000329879
0.0134881	-0.000329879
0.0134881	-0.000329879
0.0134881	-0.000329879
0.0134881	-0.000329879
0.0134881	-0.000329879
0.0134881	-0.000329879
0.0134881	-0.000329879
0.0134881	-0.000329879
0.0134881	-0.000329879
0.0134881	-0.000329879
0.0134881	-0.000329879
0.0134881	-0.000329879
0.0134881	-0.000329879
0.0134881	-0.000329879
0.0134881	-0.000329879
0.0134881	-0.000329879
0.0134881	-0.000329879
0.0134881	-0.000329879
0.0134881	-0.000329879
0.0134881	-0.000329879
0.0134881	-0.000329879
0.0134881	-0.000329879
0.0134881	-0.000329879
0.0134881	-0.000329879
0.0134881	-0.000329879
0.0134881	-0.000329879
0.0134881	-0.000329879
0.0134881	-0.000329879
0.0134881	-0.000329879
0.0134881	-0.000329879
0.0134881	-0.000329879
0.0134881	-0.000329879
0.0134881	-0.000329879
0.0134881	-0.000329879
0.0134881	-0.000329879
0.0134881	-0.000329879
0.0134881	-0.000329879
0.0134881	-0.000329879
0.0134881	-0.000329879
0.0134881	-0.000329879
0.0134881	-0.000329879
0.0134881	-0.000329879
0.0134881	-0.000329879
0.0134881	-0.000329879
0.0134881	-0.000329879
0.0134881	-0.000329879
0.0134881	-0.000329879
0.0134881	-0.000329879
0.0134881	-0.000329879
0.0134881	-0.000329879
0.0134881	-0.000329879
0.0134881	-0.000329879
0.0134881	-0.000329879
0.0134881	-0.000329879
0.0134881	-0.000329879
0.0134881	-0.000329879
0.0134881	-0.000329879
0.0134881	-0.000329879
0.0134881	-0.000329879
0.0134881	-0.000329879
0.0134881	-0.000329879
0.0134881	-0.000329879
0.0134881	-0.000329879
0.0134881	-0.000329879
0.0134881	-0.000329879
0.0134881	-0.000329879
0.0134881	-0.000329879
0.0134881	-0.000329879
0.0134881	-0.000329879
0.0134881	-0.000329879
0.0134881	-0.000329879
0.0134881	-0.000329879
0.0134881	-0.000329879
0.0134881	-0.000329879
0.0134881	-0.000329879
0.0134881	-0.000329879
0.0134881	-0.000329879
0.0134881	-0.000329879
0.0134881	-0.000329879
0.0134881	-0.000329879
0.0134881	-0.000329879
0.0134881	-0.000329879
0.5	0.108726
0.5	0.108726
0.5	0.108827
0.5	0.108702
0.5	0.108702
0.5	0.107792
0.5	0.105352
0.5	0.105352
0.5	0.100728
0.5	0.0799711
0.5	0.0799711
0.5	0.0771891
0.5	0.0771891
0.5	0.0702218
0.5	0.0681817
0.5	0.0662062
0.5	0.0662062
0.5	0.0643049
0.5	0.0625099
0.5	0.0608116
0.5	0.0608116
0.5	0.0591052
0.5	0.0558949
0.5	0.0558949
0.5	0.0542286
0.5	0.0542286
0.5	0.0498265
0.5	0.046976
0.5	0.046976
0.5	0.0442385
0.5	0.0430744
0.5	0.0430744
0.5	0.0430744
0.5	0.0382436
0.5	0.0382436
0.5	0.0350865
0.5	0.0350865
0.5	0.0320959
0.5	0.0302452
0.5	0.0294681
0.5	0.0294681
0.5	0.0287818
0.5	0.0287818
0.5	0.0263549
0.5	0.0263549
0.5	0.0227348
0.5	0.0227348
0.5	0.0214123
0.5	0.0207339
0.5	0.0207339
0.5	0.0202221
0.5	0.0196479
0.5	0.0190534
0.5	0.0190534
0.5	0.0190534
0.5	0.0169744
0.5	0.0169744
0.5	0.0150572
0.5	0.0145782
0.5	0.0145782
0.5	0.0133822
0.5	0.0133822
0.5	0.0125247
0.5	0.0125247
0.5	0.0117837
0.5	0.0117837
0.5	0.0104812
0.5	0.0104812
0.5	0.00989675
0.5	0.00962223
0.5	0.00934952
0.5	0.00934952
0.5	0.00907841
0.5	0.00853818
0.5	0.00853818
0.5	0.0081056
0.5	0.0081056
0.5	0.00717295
0.5	0.00717295
0.5	0.00700199
0.5	0.0067979
0.5	0.00659264
0.5	0.00659264
0.5	0.00659264
0.5	0.00575042
0.5	0.00575042
0.5	0.00523668
0.5	0.00523668
0.5	0.00482514
0.5	0.00482514
0.5	0.00444521
0.5	0.00432096
0.5	0.00432096
0.5	0.00405718
0.5	0.00405718
0.5	0.00373114
0.5	0.00361977
0.5	0.00361977
0.5	0.00331309
0.5	0.00331309
0.5	0.00312684
0.5	0.00312684
0.5	0.00286401
0.5	0.00286401
0.5	0.00270083
0.5	0.00270083
0.5	0.00247149
0.5	0.00247149
0.5	0.00222674
0.5	0.00212109
0.5	0.00212109
0.5	0.00208126
0.5	0.00208126
0.5	0.00184174
0.5	0.00184174
0.5	0.00158654
0.5	0.00158654
0.5	0.00155049
0.5	0.00155049
0.5	0.00140276
0.5	0.00136826
0.5	0.00136826
0.5	0.0013183
0.5	0.00125029
0.5	0.00125029
0.5	0.00125029
0.5	0.00111725
0.5	0.00109801
0.5	0.00109801
0.5	0.00100862
0.5	0.00098467
0.5	0.00096262
0.5	0.00096262
0.5	0.000898742
0.5	0.000889172
0.5	0.000889172
0.5	0.000875783
0.5	0.000786099
0.5	0.000786099
0.5	0.000767771
0.5	0.000767771
0.5	0.000687651
0.5	0.000687651
0.5	0.00065499
0.5	0.000623462
0.5	0.000623462
0.5	0.000623462
0.5	0.000543661
0.5	0.000543661
0.5	0.000484151
0.5	0.000473454
0.5	0.000473454
0.5	0.000452822
0.5	0.000445193
0.5	0.000445193
0.5	0.000407392
0.5	0.000407392
0.5	0.00038494
0.5	0.00038494
0.5	0.000358753
0.5	0.000358753
0.5	0.000337991
0.5	0.000326028
0.5	0.000314473
0.5	0.000314473
0.5	0.000305302
0.5	0.000294605
0.5	0.000281667
0.5	0.000281667
0.5	0.000273293
0.5	0.000272106
0.5	0.00025502
0.5	0.00025502
0.5	0.000242464
0.5	0.000232292
0.5	0.000232292
0.5	0.000222557
0.5	0.000222557
0.5	0.000209818
0.5	0.000199201
0.5	0.000199201
0.5	0.000197815
0.5	0.000197815
0.5	0.000178043
0.5	0.000181461
0.5	0.000181461
0.5	0.000181461
0.499878	0.000163459
0.499682	0.000169044
0.499682	0.000169044
0.499423	0.000143645
0.499245	0.000143212
0.499245	0.000143212
0.499063	0.000132014
0.498865	0.000128496
0.498865	0.000128496
0.498131	0.000104964
0.497817	0.000116174
0.497817	0.000116174
0.497526	0.000105205
0.497197	0.00010603
0.497197	0.00010603
0.496469	8.44182e-05
0.496055	9.82717e-05
0.496055	9.82717e-05
0.496055	9.82717e-05
0.493723	8.41133e-05
0.493162	9.33997e-05
0.492652	8.07206e-05
0.492652	8.07206e-05
0.490854	7.76492e-05
0.490193	8.69146e-05
0.490193	8.69146e-05
0.488888	6.71245e-05
0.488888	6.71245e-05
0.487463	6.476e-05
0.487463	6.476e-05
0.483645	4.99218e-05
0.483645	4.99218e-05
0.481094	4.75712e-05
0.481094	4.75712e-05
0.478267	4.94704e-05
0.478267	4.94704e-05
0.4773	5.61569e-05
0.475266	5.2762e-05
0.475266	5.2762e-05
0.473213	5.37522e-05
0.473213	5.37522e-05
0.469962	4.25277e-05
0.469962	4.25277e-05
0.467667	4.55446e-05
0.46652	3.55276e-05
0.465332	3.18681e-05
0.465332	3.18681e-05
0.465332	3.18681e-05
0.460478	2.43192e-05
0.459205	2.52823e-05
0.459205	2.52823e-05
0.455175	3.0792e-05
0.455175	3.0792e-05
0.449596	2.80851e-05
0.449596	2.80851e-05
0.448165	2.56148e-05
0.445266	2.52055e-05
0.445266	2.52055e-05
0.442238	2.072e-05
0.440713	1.63836e-05
0.440713	1.63836e-05
0.439172	2.05249e-05
0.436055	1.12007e-05
0.436055	1.12007e-05
0.434458	1.48639e-05
0.432836	9.33918e-06
0.431168	1.38787e-05
0.431168	1.38787e-05
0.427778	2.30423e-05
0.427778	2.30423e-05
0.42432	2.03799e-05
0.422564	2.01602e-05
0.420834	1.01884e-05
0.420834	1.01884e-05
0.420834	1.01884e-05
0.413715	6.37302e-06
0.413715	6.37302e-06
0.408163	2.37608e-06
0.40439	-1.74699e-06
0.40439	-1.74699e-06
0.402422	1.31004e-05
0.398439	1.713e-05
0.398439	1.713e-05
0.396442	2.3496e-05
0.396442	2.3496e-05
0.386336	7.86948e-06
0.386336	7.86948e-06
0.382209	-2.13721e-06
0.380111	6.21483e-07
0.380111	6.21483e-07
0.373688	3.14864e-06
0.373688	3.14864e-06
0.373688	3.14864e-06
0.360265	-7.04079e-06
0.360265	-7.04079e-06
0.358061	-4.55486e-06
0.355827	-1.44217e-05
0.355827	-1.44217e-05
0.348966	-1.47623e-05
0.348966	-1.47623e-05
0.344204	-1.295e-05
0.341817	7.92948e-06
0.33692	8.98507e-06
0.33692	8.98507e-06
0.33692	8.98507e-06
0.32968	-1.36185e-05
0.327257	-1.77292e-05
0.324809	-6.65027e-06
0.32237	-1.50197e-05
0.32237	-1.50197e-05
0.32237	-1.50197e-05
0.312258	1.18918e-05
0.312258	1.18918e-05
0.304541	-3.36065e-06
0.304541	-3.36065e-06
0.304541	-3.36065e-06
0.304541	-3.36065e-06
0.27812	9.13949e-06
0.27812	9.13949e-06
0.272741	-3.93334e-06
0.270095	-8.54745e-06
0.270095	-8.54745e-06
0.259033	1.33016e-05
0.259033	1.33016e-05
0.253423	7.13798e-06
0.250635	2.17346e-06
0.250635	2.17346e-06
0.245053	-1.16913e-05
0.245053	-1.16913e-05
0.239379	2.28556e-06
0.233606	1.56384e-05
0.233606	1.56384e-05
0.230714	1.12366e-05
0.227831	9.37812e-06
0.224944	2.89685e-06
0.224944	2.89685e-06
0.224944	2.89685e-06
0.207395	2.11141e-05
0.207395	2.11141e-05
0.204439	7.98306e-06
0.201495	4.49562e-06
0.198542	6.16397e-06
0.198542	6.16397e-06
0.198542	6.16397e-06
0.186535	1.82064e-05
0.186535	1.82064e-05
0.177504	6.58581e-06
0.174476	1.12888e-05
0.171442	1.31908e-05
0.171442	1.31908e-05
0.168372	1.63083e-05
0.162256	9.39782e-06
0.162256	9.39782e-06
0.153041	1.48044e-05
0.153041	1.48044e-05
0.149938	1.96856e-05
0.149938	1.96856e-05
0.149938	1.96856e-05
0.125044	1.0572e-05
0.125044	1.0572e-05
0.125044	1.0572e-05
0.125044	1.0572e-05
0.0998265	1.5182e-05
0.0966612	8.64111e-06
0.0966612	8.64111e-06
0.0934842	9.09191e-06
0.0934842	9.09191e-06
0.0839435	1.52076e-05
0.0807542	1.11878e-05
0.0775586	1.5826e-05
0.0775586	1.5826e-05
0.0743653	1.81017e-05
0.0711732	1.68845e-05
0.0711732	1.68845e-05
0.0647667	1.47594e-05
0.0615603	2.34542e-05
0.0583632	1.67584e-05
0.0551606	1.4853e-05
0.0551606	1.4853e-05
0.0487337	1.58606e-05
0.0487337	1.58606e-05
0.04553	1.13239e-05
0.0423157	1.05814e-05
0.035884	1.69094e-05
0.035884	1.69094e-05
0.0326787	2.14689e-05
0.0294544	1.82554e-05
0.0294544	1.82554e-05
0.0262387	2.19002e-05
0.023024	1.6421e-05
0.0197997	9.9257e-06
0.0165676	1.30307e-05
0.0165676	1.30307e-05
0.0133607	1.0686e-05
0.0133607	1.0686e-05
0.000494802	1.20609e-05
-0.00272259	1.71083e-05
-0.00272259	1.71083e-05
-0.00272259	1.71083e-05
-0.0187674	1.58909e-05
-0.0219701	1.55916e-05
-0.0219701	1.55916e-05
-0.0251735	1.56309e-05
-0.0251735	1.56309e-05
-0.0410734	-2.76228e-05
-0.0410734	-2.76228e-05
-0.0442137	-4.38556e-05
-0.0504108	-0.000116606
-0.0504108	-0.000116606
-0.0534969	-0.00015804
-0.0569934	-0.000783179
-0.0569934	-0.000783179
-0.0633913	-0.000763023
-0.0665683	-0.00075977
-0.0665683	-0.00075977
-0.0724558	-0.000842445
-0.0757207	-0.00084621
-0.0757207	-0.00084621
-0.0816981	-0.00085523
-0.0851246	-0.000870505
-0.0851246	-0.000870505
-0.0879533	-0.000840771
-0.0879533	-0.000840771
-0.100049	-0.000866772
-0.100049	-0.000866772
-0.100049	-0.000866772
-0.100049	-0.000866772
-0.126943	-0.000938537
-0.129942	-0.000897552
-0.129942	-0.000897552
-0.132954	-0.000915702
-0.136003	-0.000897241
-0.139063	-0.000898246
-0.139063	-0.000898246
-0.144973	-0.000906386
-0.147872	-0.000917584
-0.147872	-0.000917584
-0.150829	-0.000902893
-0.150829	-0.000902893
-0.159569	-0.00090015
-0.16524	-0.000949212
-0.16524	-0.000949212
-0.168199	-0.000952507
-0.168199	-0.000952507
-0.176838	-0.000906332
-0.182397	-0.000945623
-0.182397	-0.000945623
-0.187976	-0.000951697
-0.190739	-0.00096368
-0.190739	-0.00096368
-0.190739	-0.00096368
-0.190739	-0.00096368
-0.190739	-0.00096368
-0.190739	-0.00096368
-0.190739	-0.00096368
-0.190739	-0.00096368
-0.190739	-0.00096368
-0.190739	-0.00096368
-0.190739	-0.00096368
-0.190739	-0.00096368
-0.190739	-0.00096368
-0.190739	-0.00096368
-0.190739	-0.00096368
-0.190739	-0.00096368
-0.190739	-0.00096368
-0.190739	-0.00096368
-0.190739	-0.00096368
-0.190739	-0.00096368
-0.190739	-0.00096368
-0.190739	-0.00096368
-0.190739	-0.00096368
-0.190739	-0.00096368
-0.190739	-0.00096368
-0.190739	-0.00096368
-0.190739	-0.00096368
-0.190739	-0.00096368
-0.190739	-0.00096368
-0.190739	-0.00096368
-0.190739	-0.00096368
-0.190739	-0.00096368
-0.190739	-0.00096368
-0.190739	-0.00096368
0.35	0.25
0.35	0.25
0.35	0.25
0.35	0.25
0.35	0.25
0.35	0.25
0.35	0.25
0.389889	-0.343941
0.384899	-0.27753
0.384899	-0.27753
0.369216	0.0194185
0.364432	0.124484
0.364432	0.124484
0.359875	0.220366
0.355629	0.30086
0.355629	0.30086
0.355629	0.30086
0.355629	0.30086
0.355629	0.30086
0.355629	0.30086
0.355629	0.30086
0.355629	0.30086
0.355629	0.30086
0.355629	0.30086
0.355629	0.30086
0.355629	0.30086
0.355629	0.30086
0.355629	0.30086
0.355629	0.30086
0.355629	0.30086
0.355629	0.30086
0.355629	0.30086
0.355629	0.30086
0.355629	0.30086
0.355629	0.30086
0.355629	0.30086
0.355629	0.30086
0.355629	0.30086
0.355629	0.30086
0.355629	0.30086
0.355629	0.30086
0.355629	0.30086
0.355629	0.30086
0.355629	0.30086
0.355629	0.30086
0.355629	0.30086
0.355629	0.30086
0.355629	0.30086
0.355629	0.30086
0.355629	0.30086
0.355629	0.30086
0.355629	0.30086
0.355629	0.30086
0.355629	0.30086
0.355629	0.30086
0.355629	0.30086
0.355629	0.30086
0.355629	0.30086
0.355629	0.30086
0.355629	0.30086
0.355629	0.30086
0.355629	0.30086
0.355629	0.30086
0.355629	0.30086
0.355629	0.30086
0.355629	0.30086
0.355629	0.30086
0.355629	0.30086
0.355629	0.30086
0.355629	0.30086
0.355629	0.30086
0.355629	0.30086
0.355629	0.30086
0.355629	0.30086
0.355629	0.30086
0.355629	0.30086
0.355629	0.30086
0.355629	0.30086
0.355629	0.30086
0.355629	0.30086
0.355629	0.30086
0.355629	0.30086
0.355629	0.30086
0.355629	0.30086
0.355629	0.30086
0.355629	0.30086
0.355629	0.30086
0.355629	0.30086
0.355629	0.30086
0.355629	0.30086
0.355629	0.30086
0.355629	0.30086
0.355629	0.30086
0.355629	0.30086
0.355629	0.30086
0.355629	0.30086
0.355629	0.30086
0.355629	0.30086
0.355629	0.30086
0.355629	0.30086
0.355629	0.30086
0.355629	0.30086
0.355629	0.30086
0.355629	0.30086
0.355629	0.30086
0.355629	0.30086
0.355629	0.30086
0.355629	0.30086
0.355629	0.30086
0.355629	0.30086
0.355629	0.30086
0.355629	0.30086
0.355629	0.30086
0.355629	0.30086
0.355629	0.30086
0.355629	0.30086
0.355629	0.30086
0.355629	0.30086
0.355629	0.30086
0.355629	0.30086
0.355629	0.30086
0.355629	0.30086
0.355629	0.30086
0.355629	0.30086
0.355629	0.30086
0.355629	0.30086
0.355629	0.30086
0.355629	0.30086
0.355629	0.30086
0.355629	0.30086
0.355629	0.30086
0.355629	0.30086
0.355629	0.30086
0.355629	0.30086
0.355629	0.30086
0.355629	0.30086
0.355629	0.30086
0.355629	0.30086
0.355629	0.30086
0.355629	0.30086
0.355629	0.30086
0.355629	0.30086
0.355629	0.30086
0.355629	0.30086
0.355629	0.30086
0.355629	0.30086
0.355629	0.30086
0.355629	0.30086
0.355629	0.30086
0.355629	0.30086
0.483992	0.395933
0.483992	0.395933
0.483637	0.391174
0.483457	0.387985
0.483457	0.387985
0.48326	0.384349
0.483036	0.380511
0.483036	0.380511
0.482596	0.372242
0.482365	0.367799
0.482129	0.363175
0.482129	0.363175
0.481896	0.358424
0.481434	0.348476
0.481434	0.348476
0.481197	0.343272
0.480962	0.337942
0.480729	0.332551
0.480729	0.332551
0.480506	0.327076
0.480506	0.327076
0.47952	0.30434
0.479288	0.298336
0.479288	0.298336
0.478813	0.286532
0.478813	0.286532
0.4781	0.269047
0.47783	0.263133
0.47783	0.263133
0.477614	0.257268
0.477614	0.257268
0.476355	0.228924
0.476082	0.223091
0.476082	0.223091
0.475828	0.217336
0.475635	0.212102
0.475367	0.206959
0.475367	0.206959
0.475087	0.201897
0.474868	0.196921
0.474868	0.196921
0.474631	0.192026
0.474346	0.187223
0.474079	0.182488
0.474079	0.182488
0.473841	0.17788
0.473565	0.173394
0.472996	0.165114
0.472996	0.165114
0.472761	0.161069
0.472507	0.157068
0.472222	0.15323
0.472222	0.15323
0.471583	0.142133
0.471583	0.142133
0.471357	0.138467
0.470842	0.13151
0.470842	0.13151
0.470567	0.128167
0.470201	0.124873
0.469875	0.121721
0.469875	0.121721
0.469445	0.115628
0.469218	0.112657
0.469218	0.112657
0.468993	0.109741
0.468993	0.109741
0.468166	0.101492
0.467971	0.0987856
0.467644	0.0961457
0.467644	0.0961457
0.467644	0.0961457
0.46662	0.0864683
0.46662	0.0864683
0.465717	0.0796128
0.465717	0.0796128
0.46461	0.0713783
0.464337	0.0693776
0.464337	0.0693776
0.464127	0.0674702
0.463515	0.0639815
0.463515	0.0639815
0.463266	0.0622799
0.463015	0.0606196
0.46269	0.0590257
0.46269	0.0590257
0.462096	0.0559668
0.462096	0.0559668
0.461044	0.0501895
0.461044	0.0501895
0.460666	0.048775
0.460435	0.0474165
0.460435	0.0474165
0.459273	0.0425364
0.459273	0.0425364
0.458708	0.0401793
0.458708	0.0401793
0.458163	0.0380505
0.45788	0.0370294
0.45788	0.0370294
0.457235	0.035083
0.456928	0.0341436
0.456597	0.0332266
0.456597	0.0332266
0.456597	0.0332266
0.455428	0.0298157
0.45513	0.0289654
0.454815	0.0281475
0.454815	0.0281475
0.453917	0.0259662
0.453917	0.0259662
0.453602	0.0252439
0.453602	0.0252439
0.453602	0.0252439
0.451739	0.0213251
0.451739	0.0213251
0.450814	0.0195524
0.4502	0.0184888
0.4502	0.0184888
0.4502	0.0184888
0.448923	0.0165533
0.448313	0.0156331
0.448009	0.0152258
0.448009	0.0152258
0.448009	0.0152258
0.447055	0.0140283
0.44671	0.0136385
0.446412	0.0132654
0.446412	0.0132654
0.445726	0.0125729
0.445447	0.0122301
0.445447	0.0122301
0.444785	0.0115862
0.444785	0.0115862
0.443837	0.010674
0.443103	0.0100828
0.443103	0.0100828
0.44216	0.00925434
0.44216	0.00925434
0.441794	0.0089719
0.441159	0.00841136
0.441159	0.00841136
0.440866	0.00815106
0.44017	0.00764476
0.44017	0.00764476
0.439185	0.00695352
0.439185	0.00695352
0.438822	0.0067219
0.438468	0.00651173
0.438468	0.00651173
0.437461	0.00592446
0.437122	0.00573645
0.437122	0.00573645
0.436815	0.00555927
0.436514	0.00537918
0.436127	0.00520968
0.436127	0.00520968
0.435438	0.00489659
0.435096	0.00474797
0.435096	0.00474797
0.434761	0.00459326
0.434439	0.00444967
0.434033	0.00431163
0.434033	0.00431163
0.433381	0.00406127
0.43309	0.00392847
0.43309	0.00392847
0.4327	0.00379851
0.4327	0.00379851
0.430993	0.00323293
0.430993	0.00323293
0.430633	0.00311871
0.430254	0.00301104
0.429899	0.00291638
0.429899	0.00291638
0.429529	0.0028333
0.428841	0.00266575
0.428841	0.00266575
0.428481	0.00257995
0.428193	0.00249515
0.427772	0.00241816
0.427772	0.00241816
0.427053	0.00227184
0.427053	0.00227184
0.425687	0.0020003
0.425687	0.0020003
0.424951	0.00186926
0.424951	0.00186926
0.423518	0.00164953
0.423518	0.00164953
0.423518	0.00164953
0.4217	0.00139051
0.4217	0.00139051
0.420948	0.00129486
0.420607	0.00125532
0.420607	0.00125532
0.419209	0.00110612
0.419209	0.00110612
0.418833	0.00106477
0.418454	0.00102886
0.418104	0.000996912
0.418104	0.000996912
0.417693	0.000965776
0.417693	0.000965776
0.416618	0.000878258
0.416237	0.000853517
0.415884	0.000827517
0.415884	0.000827517
0.414422	0.00072071
0.414422	0.00072071
0.414053	0.000695547
0.413665	0.000674745
0.413665	0.000674745
0.41327	0.00065108
0.412926	0.000631556
0.412926	0.000631556
0.412183	0.00059696
0.411795	0.000581486
0.411445	0.000565184
0.411071	0.00054978
0.411071	0.00054978
0.410711	0.000531709
0.410318	0.000513724
0.410318	0.000513724
0.409596	0.000477884
0.40923	0.000463637
0.408826	0.000450705
0.408826	0.000450705
0.408436	0.000436332
0.40767	0.00041073
0.40767	0.00041073
0.407295	0.000398678
0.407295	0.000398678
0.406206	0.000365704
0.406206	0.000365704
0.406206	0.000365704
0.40392	0.000288891
0.403524	0.00027979
0.403143	0.000267745
0.403143	0.000267745
0.402384	0.000253947
0.402384	0.000253947
0.401275	0.000239169
0.400889	0.000232047
0.400889	0.000232047
0.400122	0.000215392
0.400122	0.000215392
0.399004	0.000188841
0.399004	0.000188841
0.397826	0.000173535
0.397447	0.000165815
0.397447	0.000165815
0.35	0.25
0.35	0.25
0.35	0.25
0.35	0.25
0.35	0.25
0.35	0.25
0.35	0.25
0.35	0.25
0.35	0.25
0.35	0.25
0.35	0.25
0.35	0.25
0.35	0.25
0.35	0.25
0.35	0.25
0.35	0.25
0.35	0.25
0.35	0.25
0.35	0.25
0.35	0.25
0.35	0.25
0.35	0.25
0.35	0.25
0.35	0.25
0.35	0.25
0.35	0.25
0.35	0.25
0.35	0.25
0.35	0.25
0.35	0.25
0.35	0.25
0.35	0.25
0.35	0.25
0.35	0.25
0.35	0.25
0.35	0.25
0.35	0.25
0.35	0.25
0.35	0.25
0.35	0.25
0.35	0.25
0.35	0.25
0.35	0.25
0.35	0.25
0.35	0.25
0.35	0.25
0.35	0.25
0.35	0.25
0.35	0.25
0.35	0.25
0.35	0.25
0.35	0.25
0.35	0.25
0.35	0.25
0.35	0.25
0.35	0.25
0.35	0.25
0.35	0.25
0.35	0.25
0.35	0.25
0.35	0.25
0.35	0.25
0.35	0.25
0.35	0.25
0.35	0.25
0.35	0.25
0.35	0.25
0.35	0.25
0.35	0.25
0.35	0.25
0.35	0.25
0.35	0.25
0.35	0.25
0.35	0.25
0.35	0.25
0.35	0.25
0.35	0.25
0.35	0.25
0.35	0.25
0.35	0.25
0.35	0.25
0.35	0.25
0.35	0.25
0.35	0.25
0.35	0.25
0.35	0.25
0.35	0.25
0.35	0.25
0.35	0.25
0.35	0.25
0.35	0.25
0.35	0.25
0.35	0.25
0.35	0.25
0.35	0.25
0.35	0.25
0.35	0.25
0.35	0.25
0.35	0.25
0.35	0.25
0.35	0.25
0.35	0.25
0.35	0.25
0.35	0.25
0.35	0.25
0.35	0.25
0.35	0.25
0.35	0.25
0.35	0.25
0.35	0.25
0.35	0.25
0.35	0.25
0.35	0.25
0.35	0.25
0.35	0.25
0.35	0.25
0.35	0.25
0.35	0.25
0.35	0.25
0.35	0.25
0.35	0.25
0.35	0.25
0.35	0.25
0.35	0.25
0.35	0.25
0.35	0.25
0.35	0.25
0.35	0.25
0.35	0.25
0.35	0.25
0.35	0.25
0.35	0.25
0.35	0.25
0.35	0.25
0.35	0.25
0.35	0.25
0.35	0.25
0.35	0.25
0.35	0.25
0.35	0.25
0.35	0.25
0.35	0.25
0.35	0.25
0.35	0.25
0.35	0.25
0.35	0.25
0.35	0.25
0.35	0.25
0.35	0.25
0.35	0.25
0.35	0.25
0.35	0.25
0.35	0.25
0.35	0.25
0.35	0.25
0.35	0.25
0.35	0.25
0.35	0.25
0.35	0.25
0.35	0.25
0.35	0.25
0.35	0.25
0.35	0.25
0.35	0.25
0.35	0.25
0.35	0.25
0.35	0.25
0.35	0.25
0.35	0.25
0.35	0.25
0.35	0.25
0.35	0.25
0.35	0.25
0.35	0.25
0.35	0.25
0.35	0.25
0.35	0.25
0.35	0.25
0.35	0.25
0.35	0.25
0.35	0.25
0.35	0.25
0.35	0.25
0.35	0.25
0.35	0.25
0.35	0.25
0.35	0.25
0.35	0.25
0.35	0.25
0.35	0.25
0.35	0.25
0.35	0.25
0.35	0.25
0.35	0.25
0.35	0.25
0.35	0.25
0.35	0.25
0.35	0.25
0.35	0.25
0.35	0.25
0.35	0.25
0.35	0.25
0.35	0.25
0.35	0.25
0.35	0.25
0.35	0.25
0.35	0.25
0.35	0.25
0.35	0.25
0.35	0.25
0.35	0.25
0.35	0.25
0.35	0.25
0.35	0.25
0.35	0.25
0.35	0.25
0.35	0.25
0.35	0.25
0.35	0.25
0.35	0.25
0.35	0.25
0.35	0.25
0.35	0.25
0.35	0.25
0.35	0.25
0.35	0.25
0.35	0.25
0.35	0.25
0.35	0.25
0.35	0.25
0.35	0.25
0.35	0.25
0.35	0.25
0.35	0.25
0.35	0.25
0.35	0.25
0.35	0.25
0.35	0.25
0.35	0.25
0.35	0.25
0.35	0.25
0.35	0.25
0.35	0.25
0.35	0.25
0.35	0.25
0.35	0.25
0.35	0.25
0.35	0.25
0.35	0.25
0.35	0.25
0.35	0.25
0.35	0.25
0.35	0.25
0.35	0.25
0.35	0.25
0.35	0.25
0.489002	0.393757
0.489002	0.393757
0.4879	0.386941
0.487718	0.383371
0.487718	0.383371
0.487519	0.379419
0.487337	0.375292
0.487123	0.370977
0.487123	0.370977
0.48692	0.366477
0.486717	0.3618
0.486501	0.35697
0.486501	0.35697
0.486501	0.35697
0.485232	0.324617
0.485232	0.324617
0.48503	0.318584
0.48456	0.306719
0.48456	0.306719
0.484332	0.300901
0.484127	0.295003
0.484127	0.295003
0.483685	0.283364
0.483256	0.271634
0.483256	0.271634
0.483025	0.265798
0.482805	0.25996
0.482599	0.254246
0.482599	0.254246
0.482351	0.248573
0.481883	0.23739
0.481883	0.23739
0.48166	0.231832
0.481169	0.220907
0.481169	0.220907
0.480695	0.210313
0.480482	0.205425
0.480251	0.200606
0.480251	0.200606
0.479567	0.186805
0.479567	0.186805
0.479567	0.186805
0.478658	0.169046
0.478399	0.164677
0.478399	0.164677
0.478	0.156462
0.478	0.156462
0.477335	0.144963
0.477102	0.141203
0.476879	0.137569
0.476879	0.137569
0.476404	0.13074
0.476404	0.13074
0.476404	0.13074
0.475109	0.114496
0.475109	0.114496
0.474469	0.105327
0.473926	0.0997032
0.473926	0.0997032
0.473601	0.09709
0.473434	0.094542
0.473434	0.094542
0.472721	0.0873296
0.472533	0.0849209
0.472533	0.0849209
0.472254	0.0826018
0.472254	0.0826018
0.471135	0.0741738
0.471135	0.0741738
0.4707	0.0700795
0.470462	0.0682002
0.470462	0.0682002
0.470043	0.0646803
0.469652	0.0628964
0.469357	0.0612295
0.469357	0.0612295
0.469199	0.0596293
0.469199	0.0596293
0.46803	0.0534962
0.467817	0.0519263
0.467817	0.0519263
0.467459	0.0505055
0.467192	0.0491574
0.466895	0.0478083
0.466895	0.0478083
0.466468	0.0453349
0.466193	0.0441131
0.466193	0.0441131
0.465843	0.0429176
0.465495	0.0417689
0.465203	0.0406545
0.465203	0.0406545
0.464949	0.0395713
0.464949	0.0395713
0.463505	0.0344583
0.463505	0.0344583
0.463505	0.0344583
0.462193	0.0298235
0.461849	0.028965
0.461849	0.028965
0.461524	0.0281589
0.461354	0.0273728
0.460959	0.0266336
0.460959	0.0266336
0.460742	0.025939
0.460494	0.0252337
0.460494	0.0252337
0.459963	0.023888
0.459575	0.0232729
0.459346	0.0226151
0.459346	0.0226151
0.459018	0.0220269
0.458787	0.0214417
0.458787	0.0214417
0.458203	0.0203003
0.457813	0.019755
0.457601	0.0192154
0.457601	0.0192154
0.457158	0.0187224
0.456982	0.0181968
0.456982	0.0181968
0.456045	0.01678
0.455646	0.0163354
0.455646	0.0163354
0.455318	0.0158754
0.455141	0.015441
0.454726	0.0150354
0.454726	0.0150354
0.454726	0.0150354
0.452817	0.0126483
0.452496	0.0122283
0.452496	0.0122283
0.451912	0.0114992
0.451563	0.0111746
0.451563	0.0111746
0.451235	0.0108361
0.451002	0.0105005
0.451002	0.0105005
0.450329	0.00992055
0.450329	0.00992055
0.448741	0.00853566
0.448741	0.00853566
0.448427	0.00825757
0.448427	0.00825757
0.447106	0.00731181
0.447106	0.00731181
0.447106	0.00731181
0.447106	0.00731181
0.444505	0.0056567
0.444204	0.00545246
0.444204	0.00545246
0.44351	0.00509967
0.44351	0.00509967
0.44351	0.00509967
0.44151	0.00417976
0.441111	0.00403457
0.44078	0.0038968
0.44078	0.0038968
0.439766	0.00353772
0.439766	0.00353772
0.439432	0.00341817
0.438677	0.0032163
0.438677	0.0032163
0.438336	0.00310964
0.43772	0.00289715
0.43772	0.00289715
0.437404	0.00279682
0.437096	0.00270453
0.436756	0.00262094
0.436756	0.00262094
0.436058	0.00246158
0.436058	0.00246158
0.435035	0.00222568
0.435035	0.00222568
0.434353	0.00208517
0.434007	0.00202167
0.433652	0.00195945
0.433652	0.00195945
0.433295	0.00189408
0.432954	0.00183377
0.432954	0.00183377
0.432265	0.00171995
0.431561	0.00161954
0.431561	0.00161954
0.430473	0.00148482
0.430473	0.00148482
0.429371	0.00134086
0.429371	0.00134086
0.429008	0.00129639
0.428246	0.00122717
0.428246	0.00122717
0.427458	0.00116981
0.427458	0.00116981
0.426022	0.00102153
0.426022	0.00102153
0.425691	0.000977112
0.424964	0.000910991
0.424964	0.000910991
0.424619	0.000879478
0.424619	0.000879478
0.422758	0.000757105
0.422758	0.000757105
0.422086	0.000689292
0.422086	0.000689292
0.421057	0.000605989
0.420704	0.000581636
0.420328	0.000566122
0.420328	0.000566122
0.41954	0.000542728
0.419169	0.000533999
0.419169	0.000533999
0.418394	0.00051181
0.418394	0.00051181
0.418394	0.00051181
0.415798	0.000402782
0.415798	0.000402782
0.415383	0.000397918
0.414609	0.000378767
0.414609	0.000378767
0.413529	0.000328997
0.413529	0.000328997
0.413128	0.000312015
0.412743	0.000296486
0.412743	0.000296486
0.411992	0.000271399
0.411219	0.000259784
0.411219	0.000259784
0.410783	0.000263879
0.410359	0.000270768
0.409998	0.000266912
0.409998	0.000266912
0.409998	0.000266912
0.408566	0.000213514
0.408153	0.000204703
0.408153	0.000204703
0.406732	0.000154088
0.406732	0.000154088
0.406357	0.000146664
0.405961	0.000145339
0.405961	0.000145339
0.40514	0.000147113
0.404765	0.000149904
0.40438	0.000153448
0.40438	0.000153448
0.40438	0.000153448
0.402787	0.000155389
0.402787	0.000155389
0.401211	0.00012685
0.400815	0.000124289
0.400815	0.000124289
0.400464	0.00011486
0.400096	0.000108065
0.400096	0.000108065
0.399343	9.45636e-05
0.398932	9.28257e-05
0.398499	9.93522e-05
0.398499	9.93522e-05
0.397196	0.000109723
0.397196	0.000109723
0.396492	8.55072e-05
0.396492	8.55072e-05
0.395724	6.9744e-05
0.394947	6.13082e-05
0.394947	6.13082e-05
0.394232	5.18324e-05
0.393861	4.8345e-05
0.393861	4.8345e-05
0.393101	4.24496e-05
0.393101	4.24496e-05
0.391851	5.16442e-05
0.391407	5.85461e-05
0.391407	5.85461e-05
0.390213	6.56961e-05
0.390213	6.56961e-05
0.389857	5.42283e-05
0.389096	4.42393e-05
0.389096	4.42393e-05
0.389096	4.42393e-05
0.387538	4.50183e-05
0.387538	4.50183e-05
0.385849	4.44269e-05
0.385408	4.08264e-05
0.385408	4.08264e-05
0.384137	5.07553e-05
0.384137	5.07553e-05
0.384137	5.07553e-05
0.381907	1.6971e-05
0.381907	1.6971e-05
0.381526	1.37989e-05
0.381145	1.30707e-05
0.380367	-3.13109e-07
0.380367	-3.13109e-07
0.379475	-3.73668e-06
0.379475	-3.73668e-06
0.378112	3.52063e-05
0.378112	3.52063e-05
0.37746	2.37718e-05
0.37746	2.37718e-05
0.376296	2.26316e-05
0.3759	2.53699e-05
0.375512	2.58954e-05
0.375512	2.58954e-05
0.375512	2.58954e-05
0.373883	5.03086e-06
0.372979	1.46954e-05
0.372979	1.46954e-05
0.372064	3.45721e-05
0.371682	3.78793e-05
0.371682	3.78793e-05
0.37137	2.95167e-05
0.370589	2.07822e-05
0.370589	2.07822e-05
0.370217	1.67908e-05
0.369828	1.01267e-05
0.369828	1.01267e-05
0.369046	1.24389e-06
